half,n,flag,flag_lo,flag_hi,marker,marker_lo,marker_hi
2018H2,101,0.0,0.0,0.0,0.019801980198019802,0.0,0.04950495049504951
2019H1,163,0.0,0.0,0.0,0.006134969325153374,0.0,0.018404907975460124
2019H2,158,0.012658227848101266,0.0,0.03164556962025317,0.0189873417721519,0.0,0.04430379746835443
2020H1,183,0.0273224043715847,0.00546448087431694,0.0546448087431694,0.03278688524590164,0.01092896174863388,0.060109289617486336
2020H2,216,0.013888888888888888,0.0,0.032407407407407406,0.018518518518518517,0.004629629629629629,0.037037037037037035
2021H1,209,0.004784688995215311,0.0,0.014354066985645933,0.028708133971291867,0.009569377990430622,0.05263157894736842
2021H2,177,0.011299435028248588,0.0,0.02824858757062147,0.01694915254237288,0.0,0.03954802259887006
2022H1,369,0.008130081300813009,0.0,0.018970189701897018,0.024390243902439025,0.01084010840108401,0.04336043360433604
2022H2,302,0.009933774834437087,0.0,0.023178807947019868,0.013245033112582781,0.0033112582781456954,0.026490066225165563
2023H1,340,0.01764705882352941,0.0058823529411764705,0.03529411764705882,0.023529411764705882,0.008823529411764706,0.041176470588235294
2023H2,364,0.005494505494505495,0.0,0.013736263736263736,0.02197802197802198,0.008241758241758242,0.038461538461538464
2024H1,361,0.013850415512465374,0.002770083102493075,0.027700831024930747,0.04155124653739612,0.0221606648199446,0.06371191135734072
2024H2,366,0.01912568306010929,0.00819672131147541,0.03551912568306011,0.05191256830601093,0.030054644808743168,0.07650273224043716
2025H1,408,0.00980392156862745,0.0024509803921568627,0.0196078431372549,0.04411764705882353,0.02696078431372549,0.0661764705882353
2025H2,406,0.014778325123152709,0.0049261083743842365,0.027093596059113302,0.04433497536945813,0.027093596059113302,0.0665024630541872
2026H1,404,0.027227722772277228,0.012376237623762377,0.04207920792079208,0.04455445544554455,0.024752475247524754,0.06683168316831684
2026H2,222,0.009009009009009009,0.0,0.02252252252252252,0.03153153153153153,0.009009009009009009,0.05855855855855856
