quarter,n,flagged,lo,hi,prevalence_est
2018Q3,53,0.0,0.0,0.0,0.0
2018Q4,48,0.0,0.0,0.0,0.0
2019Q1,113,0.0,0.0,0.0,0.0
2019Q2,50,0.0,0.0,0.0,0.0
2019Q3,106,0.018867924528301886,0.0,0.04716981132075472,0.011929943311616887
2019Q4,52,0.0,0.0,0.0,0.0
2020Q1,127,0.031496062992125984,0.007874015748031496,0.06299212598425197,0.028918470392994597
2020Q2,56,0.017857142857142856,0.0,0.05357142857142857,0.010570147341447789
2020Q3,127,0.015748031496062992,0.0,0.03937007874015748,0.00773277779739416
2020Q4,89,0.011235955056179775,0.0,0.033707865168539325,0.0016627198065198765
2021Q1,147,0.006802721088435374,0.0,0.02040816326530612,0.0
2021Q2,62,0.0,0.0,0.0,0.0
2021Q3,119,0.01680672268907563,0.0,0.04201680672268908,0.009157026039115198
2021Q4,58,0.0,0.0,0.0,0.0
2022Q1,220,0.013636363636363636,0.0,0.031818181818181815,0.0048919690175295545
2022Q2,149,0.0,0.0,0.0,0.0
2022Q3,142,0.02112676056338028,0.0,0.04225352112676056,0.014968736183919662
2022Q4,160,0.0,0.0,0.0,0.0
2023Q1,168,0.011904761904761904,0.0,0.02976190476190476,0.0025624599615630995
2023Q2,172,0.023255813953488372,0.005813953488372093,0.046511627906976744,0.017832933569715298
2023Q3,184,0.010869565217391304,0.0,0.02717391304347826,0.0011698186781048932
2023Q4,180,0.0,0.0,0.0,0.0
2024Q1,166,0.024096385542168676,0.006024096385542169,0.04819277108433735,0.018963747366146203
2024Q2,195,0.005128205128205128,0.0,0.015384615384615385,0.0
2024Q3,179,0.0111731843575419,0.0,0.027932960893854747,0.0015782749204599547
2024Q4,187,0.026737967914438502,0.0053475935828877,0.0481283422459893,0.022517445624805163
2025Q1,214,0.009345794392523364,0.0,0.02336448598130841,0.0
2025Q2,194,0.010309278350515464,0.0,0.02577319587628866,0.00041606952984143074
2025Q3,194,0.005154639175257732,0.0,0.015463917525773196,0.0
2025Q4,212,0.02358490566037736,0.0047169811320754715,0.04716981132075472,0.018275657839072684
2026Q1,191,0.020942408376963352,0.005235602094240838,0.041884816753926704,0.014720728758246662
2026Q2,213,0.03286384976525822,0.009389671361502348,0.06103286384976526,0.03075854228510074
2026Q3,222,0.009009009009009009,0.0,0.02252252252252252,0.0
